{
  "simulator_inputs": {
    "Altitude": 5000,
    "MRR": 0.762,
    "TRR": 0.5,
    "V": 100,
    "Vf": 140,
    "VW": 50,
    "MR_nb": 3,
    "TR_nb": 2,
    "MR_Taper_ratio": 0.8,
    "TR_Taper_ratio": 0.8,
    "MR_rc": 0.125,
    "TR_rc": 0.1,
    "MR_root_twist": 4,
    "MR_tip_twist": 0,
    "TR_root_twist": 4,
    "TR_tip_twist": 0,
    "MR_chord": 0.0508,
    "TR_chord": 0.2,
    "HS_chord": 0.09,
    "MR_omega": 200,
    "MRA": 1.827,
    "Iterations": 100,
    "Cd_body": 0.3,
    "body_area": 2,
    "SFC": 0.00036,
    "FW": 10,
    "Blade_Cd": 0.007,
    "Blade_Cl": 0.09
  },
  "pilot_inputs": {
    "theta_0": 10,
    "theta_1s": 0,
    "theta_1c": 0,
    "theta_tail": 0
  }
}
